ASSETID,LOCATION,LEGACYID,STYPE,CONTROLTYPE,WARRANTYDATE,MAINTENANCESECTION,LIFECYCLESTATUS,INSTALLDATE,CONDITION,CONDITIONDATE,OWNEDBY,MAINTAINEDBY,PRIMARYIMAGE,RECORDEDLENGTH,ROTATION,COLLECTIONMETHOD,SOURCENOTES,SIGNAL,SIGN,GATE,WORKAREA,COMMUNITY,FULLSTREETNAME1,FULLSTREETNAME2,FULLSTREETNAME3,FULLSTREETNAME4,DIRECTION1,DIRECTION2,STREETNAMEID1,STREETNAMEID2,STREETNAMEID3,STREETNAMEID4,SEGCOUNT,EDITORCOMMENT,LASTUPDATE,LASTEDITOR,CREATEDATE,CREATEEDITOR,GLOBALID,geometry,longitude,latitude
142573,NOTRE DAME ST and OFF RAMP,1514,Continuous,,,NW,REM,,NOTRE DAME ST,,1.0,1.0,OFF RAMP,,,0.0,NOTRE DAME ST|OFF RAMP,,,,,,Notre Dame Avenue West,,,,,,1468.0,,,,1.0,,2020-09-02 12:56:39+00:00,TEK05PLA,,,{BB6F1129-F963-46C0-AE4D-C53A21BC435B},POINT (488897.1553999996 5156783.329600001),-81.14486808916301,46.56452441466013
716730,SOUTH BAY RD and RAMSEY LAKE RD,4801,Continuous,Yield sign,,SS,ACT,,SOUTH BAY RD,,1.0,1.0,RAMSEY LAKE RD,,89.6573,6.0,SOUTH BAY RD|RAMSEY LAKE RD,,,,1256,,Ramsey Lake Road,South Bay Road,,,,,1641.0,1831.0,,,1.0,,2019-04-30 15:34:06+00:00,TEK05PLA,2019-04-18 15:00:54+00:00,TEK05PLA,{9EB20727-AF7C-48EA-8632-67DA54D2988B},POINT (502399.9068999998 5146448.4164),-80.96873974473654,46.471602557610886
716731,,,Continuous,No control,,SS,,,,,,,,,0.0,6.0,,,,,1256,,,,,,,,,,,,,,2019-04-30 15:34:15+00:00,TEK05PLA,2019-04-18 15:01:01+00:00,TEK05PLA,{91080A51-B5AE-450E-B09E-371EF3D1B6B2},POINT (502428.16509999987 5146448.5854),-80.96837166357328,46.4716039773512
145675,UNIVERSITY RD and RAMSEY LAKE RD,4782,Continuous,Traffic signal,,SS,ACT,,UNIVERSITY RD,,1.0,1.0,RAMSEY LAKE RD,,0.0,0.0,UNIVERSITY RD|RAMSEY LAKE RD,1.0,,,1256,Sudbury,Ramsey Lake Road,University Road,,,,,1641.0,1997.0,,,1.0,,2019-04-30 15:34:40+00:00,TEK05PLA,,,{B140F04D-B85C-4900-873D-558C1A6E2D29},POINT (502282.00370000023 5146379.7031),-80.97027584246777,46.470984574958024
145746,SOUTH BAY RD and ATHLETIC BLDG RD,4833,Continuous,Stop sign,,SS,ACT,,ATHLETIC BLDG RD,,1.0,1.0,SOUTH BAY RD,,0.0,0.0,ATHLETIC BLDG RD|SOUTH BAY RD,,,,1256,,South Bay Road,South Bay Road,,,,,1831.0,1831.0,,,1.0,,2019-04-30 15:35:05+00:00,TEK05PLA,,,{5BB68CED-35C2-4245-8D3F-A4D012E8DE5E},POINT (502673.9008999998 5145707.3747000005),-80.96517505939605,46.46493244588256
145895,SOUTH BAY RD and ARLINGTON BLVD,5034,Continuous,Yield sign,,SS,ACT,,SOUTH BAY RD,,1.0,1.0,ARLINGTON BLVD,,0.0,0.0,SOUTH BAY RD|ARLINGTON BLVD,,,,1256,,South Bay Road,Arlington Boulevard,,,,,1831.0,72.0,,,2.0,,2019-04-30 15:35:51+00:00,TEK05PLA,,,{67DFBCB2-AA20-4D1D-B287-13B85851BA83},POINT (503235.82540000044 5145663.6504),-80.95785684858598,46.46453648188755
145894,ARLINGTON BLVD and BELMONT DR,5035,Continuous,No control,,SS,ACT,,ARLINGTON BLVD,,1.0,1.0,BELMONT DR,,316.057,0.0,ARLINGTON BLVD|BELMONT DR,,,,1256,,Belmont Drive,Belmont Drive,,,,,162.0,162.0,,,1.0,,2019-04-30 15:36:13+00:00,TEK05PLA,,,{F397303F-A1B1-40A1-8D03-C1475F4027A4},POINT (503235.33189999964 5145959.761600001),-80.9578612196575,46.46720136820145
145850,BELMONT DR and LAKEWOOD DR,4960,Continuous,Yield sign,,SS,ACT,,BELMONT DR,,1.0,1.0,LAKEWOOD DR,,0.0,0.0,BELMONT DR|LAKEWOOD DR,,,,1256,,Lakewood Drive,Lakewood Drive,,,,,1102.0,1102.0,,,1.0,,2019-04-30 15:36:30+00:00,TEK05PLA,,,{536B2E3B-9870-4CBD-8E13-B4485E71E943},POINT (503074.1003999999 5146125.225299999),-80.95996009689908,46.4686912300979
146212,,,Continuous,,,NE,REM,,,,,,,,,,,,,,,,Cote Boulevard,,,,,,420.0,,,,1.0,,2020-09-02 11:44:25+00:00,TEK05PLA,,,{B001F72D-0865-4148-8C39-941583D8C70E},POINT (504258.3898 5166296.894200001),-80.9443495418724,46.65021882978297
141580,,,Dead end,,,,REM,,,,,,,,,,,,,,,,Airport Road,,,,,,28.0,,,,0.0,,,,,,{670D9252-424C-42FC-91CC-01C12A92051C},POINT (470130.4910000004 5132367.6833),-81.38816416729304,46.344225652912705
144122,,,Continuous,,,NE,REM,,,,,,,,,,,,,,,,Municipal Road 80,,,,,,1411.0,,,,2.0,,2020-09-03 15:17:56+00:00,TEK05PLA,,,{801F825C-2E70-447E-B2D8-F6E21A925C8D},POINT (499438.7770999996 5161859.558700001),-81.00732891036236,46.61029900230933
147858,,,Continuous,,,SE,REM,,,,,,,,,,,,,,,,Hill Street,,,,,,909.0,,,,2.0,,2020-09-03 15:36:16+00:00,TEK05PLA,,,{7D4061AD-09C2-422B-87BC-23D98D70691E},POINT (516759.5173000004 5148154.098300001),-80.78163642718351,46.486748822449194
147381,,,Dead end,,,SE,REM,,,,,,,,,,,,,,,,Church Street,,,,,,361.0,,,,1.0,,2020-09-03 12:05:09+00:00,TEK05PLA,,,{452CC4AE-A9C3-49AD-85CF-7AF0C8E0488B},POINT (510629.5723000001 5155739.8269),-80.86133099764969,46.55514113541075
145693,SOUTH BAY RD and RAMSEY LAKE RD,4801,Continuous,Stop sign,,SS,ACT,,SOUTH BAY RD,,1.0,1.0,RAMSEY LAKE RD,,135.3363,0.0,SOUTH BAY RD|RAMSEY LAKE RD,,,,1256,,Ramsey Lake Road,South Bay Road,,,,,1641.0,1831.0,,,1.0,,2019-04-30 15:32:31+00:00,TEK05PLA,,,{4E65526C-9725-45DC-A441-7097D2EE2E45},POINT (502415.4466000004 5146462.8674),-80.96853725572771,46.471732555290686
142789,,,Dead end,,,SW,REM,,,,,,,,,,,,,,,,Municipal Road 55,Municipal Road 55,,,,,1407.0,1407.0,,,1.0,,2020-09-16 09:29:13+00:00,TEK05PLA,,,{5DD2F9FD-17CF-4989-8364-8E2928784FCD},POINT (490543.6495000003 5141415.0875),-81.12307254661373,46.42624248869695
147221,,,Continuous,,,SS,REM,,,,,,,,,,,,,,,,Highway 69 South,,,,,,6.0,,,,2.0,,2020-09-16 14:03:45+00:00,TEK05PLA,,,{BEF57AB2-4BB1-4603-B9B3-22C67E27C08E},POINT (509016.55620000046 5141510.9120000005),-80.88264942681582,46.42711089200786
142330,,,Continuous,,,SW,REM,,,,,,,,,,,,,,,,Highway 17 East,,,,,,3.0,,,,2.0,,2020-09-16 14:55:29+00:00,TEK05PLA,,,{2121B6CD-2266-44C7-A12D-A14D2AEC7CD1},POINT (485768.47030000016 5140467.974300001),-81.18519142946164,46.41763505613179
144086,,,Continuous,,,SS,REM,,,,,,,,320.4183,,,,,,1264,,Long Lake Road,Long Lake Road,,,,,1202.0,1202.0,,,1.0,,2020-09-16 12:51:30+00:00,TEK05PLA,,,{2EE44331-4437-4BAC-BE79-C0C37ADEE791},POINT (499400.4124999996 5142308.999299999),-81.00780467102895,46.43435334836216
147225,,,Dead end,,,SS,REM,,,,,,,,,,,,,,,,Highway 69 South,,,,,,6.0,,,,1.0,,2020-09-16 14:02:35+00:00,TEK05PLA,,,{D3094838-2857-4E16-B174-CD00BCDE721F},POINT (509123.69909999985 5141468.2190000005),-80.88125579819024,46.42672523061339
147186,,,Continuous,,,SS,REM,,,,,,,,,,,,,,,,Highway 69 South,,,,,,6.0,,,,2.0,,2020-09-16 14:19:17+00:00,TEK05PLA,,,{044156B0-85AB-4F97-995A-059C80B01DAE},POINT (508561.6319000004 5141526.4531),-80.88856997463897,46.427256678501934
141658,,,Dead end,,,,REM,,,,,,,,,,,,,,,,Morbin Road,,,,,,1377.0,,,,0.0,,,,,,{242C93D2-290A-40A3-8CAC-9AF275CDD1B3},POINT (472015.0614 5125786.1753),-81.36328191509793,46.28507479338015
144491,,,Continuous,,,,REM,,,,,,,,,,,,,,,,Unnamed Lane 104,Antwerp Avenue,,,,,2005.0,68.0,,,2.0,,,,,,{E9C3F464-C9F4-4574-B3D4-46461ACF410F},POINT (499853.6244000001 5149915.783399999),-81.00190772245179,46.50281163970797
141811,,,Dead end,,,,REM,,,,,,,,,,,,,,,,Desormeau Road,,,,,,491.0,,,,0.0,,,,,,{41EC7C21-F644-4143-BD9B-B43BC7DB2BE9},POINT (474794.8838999998 5134674.5953),-81.32767400183945,46.36517671442129
144348,,,Continuous,,,SS,PRP,,,,,,,,133.09210000000002,,,,,,1264,,Greenvalley Drive,,,,,,825.0,,,,1.0,,2020-01-20 12:21:16+00:00,TEK05PLA,,,{4252CCA5-4F70-4CB5-9E4F-5A081015AAAA},POINT (499655.4565000003 5142306.333799999),-81.00448482915547,46.43432953814084
146667,,,Continuous,,,,REM,,,,,,,,,,,,,,,,Hawthorne Drive,,,,,,875.0,,,,2.0,,,,,,{EFCE0FFD-4F6A-4725-B733-F7AC4D4772D4},POINT (505607.5303999996 5151460.899700001),-80.9268980919328,46.516693630366575
146647,,,Dead end,,,,REM,,,,,,,,,,,,,,,,Hawthorne Drive,,,,,,875.0,,,,1.0,,,,,,{5B0C5131-A7B9-4A4A-BEAD-1BE4787D2C0F},POINT (505543.0778000001 5151540.2675),-80.92773737311774,46.51740843633115
146435,,,Dead end,,,,REM,,,,,,,,,,,,,,,,Danforth Avenue,Porter Street,,,,,460.0,1608.0,,,0.0,,,,,,{CF4BCD30-EC56-4DBC-9D29-40DA0E021935},POINT (504942.4419 5150631.9155),-80.9355772497633,46.509238376521026
146391,,,Continuous,,,SE,REM,,,,,,,,298.987,,,,,,939,,Palace Place Road,,,,,,1524.0,,,,2.0,,2020-06-17 10:21:25+00:00,TEK05PLA,,,{AA8AE10B-477E-4B54-8D47-38E155B8F789},POINT (504852.2966 5148318.1877999995),-80.9367763959543,46.48841652362513
146298,,,Dead end,,,SE,REM,,,,,,,,103.4919,,,,,,940,,Unnamed Private Road 95,,,,,,2449.0,,,,1.0,,2020-06-17 15:52:57+00:00,TEK05PLA,,,{6E174685-FF31-4D94-96C3-8AD0875A93B4},POINT (504581.12129999977 5147843.659600001),-80.94031437729615,46.484147872014596
143023,,,Dead end,,,SS,REM,,,,,,,,,,,,,,,,Club Road,,,,,,385.0,,,,1.0,,2020-09-01 11:09:06+00:00,TEK05PLA,,,{069013BF-C7B5-410C-BD95-DEFA713ED43B},POINT (494221.3970999997 5147224.9539),-81.07527944586704,46.47857057813969
143042,DOW DR and MARIGOLD PL,2044,Continuous,,,SS,REM,,MARIGOLD PL,,1.0,1.0,DOW DR,,,0.0,MARIGOLD PL|DOW DR,,,,,,Dow Drive,Marigold Place,,,,,527.0,1270.0,,,1.0,,2020-09-01 10:53:42+00:00,TEK05PLA,,,{A5835CE7-55AC-42CB-AF14-6DED9213F4FF},POINT (494464.42030000035 5146138.749600001),-81.07210060772606,46.468797226482614
143226,,,Continuous,,,SS,REM,,,,,,,,,,,,,,,,Unnamed Private Road 56,,,,,,2408.0,,,,2.0,,2020-09-01 11:08:15+00:00,TEK05PLA,,,{0477612C-6447-47D4-9333-E8675C7EF9E0},POINT (496207.9506000001 5146822.2282),-81.04939680088869,46.47496031808498
146608,,,Continuous,Stop sign,,NE,ACT,,,,1.0,1.0,,,90.003,0.0,,,,,637,Capreol,Stull Street,Park Road,,,,,1901.0,2252.0,,,1.0,,2020-05-04 15:11:55+00:00,TEK05PLA,,,{74123AB1-404B-4B86-BCAF-B6ECABA3EE07},POINT (505420.75239999965 5173495.3223),-80.92907457614564,46.71499094770835
146809,,,Continuous,,,NE,REM,,,,1.0,1.0,,,,0.0,,,,,642,Capreol,Lincoln Street,Lincoln Street,,,,,1183.0,1183.0,,,1.0,,2018-02-07 11:47:00+00:00,TEK05PLA,,,{AACF2169-CF74-4996-AD1B-E6337950176F},POINT (506041.8969999999 5173261.856699999),-80.92095056124471,46.71288461672561
146450,JAMES ST and FOCH ST,5659,Continuous,Yield sign,,NE,ACT,,JAMES ST,,1.0,1.0,FOCH ST,,179.75230000000002,0.0,JAMES ST|FOCH ST,,,,637,Capreol,Foch Street,James Street,,,,,705.0,974.0,,,2.0,,2020-05-04 15:53:36+00:00,TEK05PLA,,,{B8B97B39-9124-4150-A024-A366D9D708B4},POINT (504990.54279999994 5173689.2324),-80.9347013535157,46.71673933509824
146396,,,Continuous,,,SE,REM,,,,,,,,0.0,,,,,,939,,Horizon Co-Op Road,,,,,,931.0,,,,2.0,,2020-06-17 10:32:38+00:00,TEK05PLA,,,{36E96F16-CD1D-4F39-9679-B9F529BDD9E8},POINT (504884.7293999996 5148210.4793),-80.93635493957885,46.487446959358905
146659,,,Continuous,,,,REM,,,,,,,,,,,,,,,,Hawthorne Drive,,,,,,875.0,,,,2.0,,,,,,{7F358FCB-0CB5-407A-BC0A-88A62A253E58},POINT (505592.29700000025 5151448.739600001),-80.92709682654193,46.516584322040465
146660,,,Dead end,,,,REM,,,,,,,,,,,,,,,,Hawthorne Drive,,,,,,875.0,,,,0.0,,,,,,{7C2999DE-85E5-48EA-9E67-B6ECFDDA20CC},POINT (505592.8262 5151447.284399999),-80.92708994522373,46.51657122154134
146634,EPIPHANY ST and STULL ST,5870,Continuous,Stop sign,,NE,ACT,,EPIPHANY ST,,1.0,1.0,STULL ST,,0.0246,0.0,EPIPHANY ST|STULL ST,,,,637,Capreol,Stull Street,Stull Street,,,,,1901.0,1901.0,,,1.0,,2020-05-04 15:13:31+00:00,TEK05PLA,,,{0CF33CEB-0BAB-48B6-8793-E42B013AA143},POINT (505487.9528999999 5173495.3188000005),-80.92819532183374,46.714990367880176
146949,BELMONT CRT and PINE ST,6257,Continuous,,,NE,REM,,BELMONT CRT,,1.0,1.0,PINE ST,,56.3919,0.0,BELMONT CRT|PINE ST,,,,642,,Pine Street,Pine Street,,,,,1587.0,1587.0,,,1.0,No longer required as per Rules Feb 26 2020,2020-05-04 14:57:57+00:00,TEK05PLA,,,{01641796-38B7-46FC-8EE4-CDB1459A5532},POINT (506413.61099999957 5173043.2623),-80.91609027795012,46.710913977097476
146451,JAMES ST and STULL ST,5661,Continuous,Stop sign,,NE,ACT,,STULL ST,,1.0,1.0,JAMES ST,,359.7523,0.0,STULL ST|JAMES ST,,,,637,Capreol,Stull Street,Stull Street,,,,,1901.0,1901.0,,,1.0,,2020-05-04 15:10:13+00:00,TEK05PLA,,,{55743666-4967-4307-A09F-5962EDB56F21},POINT (504991.38100000005 5173495.3836),-80.93469249071094,46.71499484338802
146400,RANDOLPH ST and FOCH ST,5604,Continuous,,,NE,REM,,RANDOLPH ST,,1.0,1.0,FOCH ST,,44.711800000000004,0.0,RANDOLPH ST|FOCH ST,,,,637,Capreol,Foch Street,Randolph Street,,,,,705.0,1644.0,,,2.0,Lifecycle status changed due to New rules (Feb 26 2020),2020-05-04 11:47:39+00:00,TEK05PLA,,,{68E03DF0-982E-45E8-83C7-F27BBF29F5B5},POINT (504891.79289999977 5173682.014699999),-80.93599352036054,46.7166751115255
146219,,,Continuous,,,SE,REM,,,,,,,,,,,,,,,,Barry Downe Road,Lasalle Boulevard,,,,,128.0,1127.0,,,2.0,,2020-09-01 14:02:28+00:00,GREATERSUDBURY1\tek0,,,{2EDB0B09-4215-45DB-93F0-AECE02C707A9},POINT (504282.7176000001 5152021.706800001),-80.94416367825757,46.521750358102004
143888,,,Continuous,,,SS,REM,,,,,,,,333.457,,,,,,1247,,Bouchard Street,Regent Street,,,,,212.0,1659.0,,,2.0,,2020-09-01 11:53:25+00:00,TEK05PLA,,,{D9CC07CB-AA96-4231-A8E8-06532E5E3BCE},POINT (499199.34810000006 5145219.3146),-81.01042686921294,46.460544920422585
143048,ROSEBUD CRT and DOW DR,2057,Continuous,,,SS,REM,,ROSEBUD CRT,,1.0,1.0,DOW DR,,,0.0,ROSEBUD CRT|DOW DR,,,,,,Dow Drive,Rosebud Court,,,,,527.0,1720.0,,,2.0,,2020-09-01 10:53:04+00:00,TEK05PLA,,,{12080436-1054-447E-99FF-D8622E9C2006},POINT (494518.0784999998 5145934.5397),-81.07139931030116,46.46695985798304
146599,,,Continuous,,,NE,REM,,,,1.0,1.0,,,0.0,0.0,,,,,637,Capreol,Unnamed Private Road 155,Unnamed Private Road 153,,,,,2254.0,2253.0,,,2.0,Lifecycle status change due to new Rules (Feb 26 2020),2020-05-04 12:48:22+00:00,TEK05PLA,,,{F873592A-D8B5-42FB-B639-29CD70BADC11},POINT (505390.96279999986 5173228.7848000005),-80.92946746969929,46.7125925619055
146496,FRANK ST and FOCH ST,5701,Continuous,Stop sign,,NE,ACT,,FOCH ST,,1.0,1.0,FRANK ST,,179.60850000000002,0.0,FOCH ST|FRANK ST,,,,637,Capreol,Foch Street,Frank Street,,,,,705.0,721.0,,,2.0,,2020-05-04 15:18:09+00:00,TEK05PLA,,,{69A52ED1-C0B9-4966-BF93-961D9F7FCB13},POINT (505089.16110000014 5173689.482100001),-80.93341098267541,46.71674083861804
146356,LLOYD ST and STULL ST,5553,Continuous,Stop sign,,NE,ACT,,LLOYD ST,,1.0,1.0,STULL ST,,0.4373,0.0,LLOYD ST|STULL ST,,,,637,Capreol,Stull Street,Stull Street,,,,,1901.0,1901.0,,,1.0,,2020-05-04 15:07:54+00:00,TEK05PLA,,,{24A78579-59B4-47AC-B15B-34F70E367F98},POINT (504793.3071999997 5173494.5582),-80.93728410642021,46.7149888651179
146597,FOCH ST and HAIG ST,5814,Continuous,Yield sign,,NE,ACT,,FOCH ST,,1.0,1.0,HAIG ST,,179.7221,0.0,FOCH ST|HAIG ST,,,,637,Capreol,Foch Street,Haig Street,,,,,705.0,845.0,,,2.0,,2020-05-04 15:15:14+00:00,TEK05PLA,,,{0954504A-BA42-4639-9F84-A7D491815ACE},POINT (505389.8521999996 5173691.7981),-80.92947657234582,46.716759323749436
146635,FOCH ST and REGIONAL ROAD 84,5880,Continuous,Yield sign,,NE,ACT,,FOCH ST,,1.0,1.0,REGIONAL ROAD 84,,0.0,0.0,FOCH ST|REGIONAL ROAD 84,,,,637,Capreol,Foch Street,Epiphany Street,,,,,705.0,600.0,,,2.0,,2020-05-04 15:14:57+00:00,TEK05PLA,,,{3346B4F4-8CDD-483F-86D6-AD4C516E53E7},POINT (505488.4107999997 5173688.1863),-80.92818702819764,46.71672601841714
146614,,,Dead end,,,NE,REM,,,,1.0,1.0,,,167.52720000000002,0.0,,,,,637,Capreol,Unnamed Private Road 152,,,,,,2252.0,,,,1.0,,2020-05-04 12:04:05+00:00,TEK05PLA,,,{2705EE4F-D63B-464D-B919-38DF985BBF7E},POINT (505426.2231999999 5173343.7248),-80.92900478506918,46.71362664584681
146685,STULL ST and SELLWOOD AVE,5946,Continuous,Stop sign,,NE,ACT,,SELLWOOD AVE,,1.0,1.0,STULL ST,,269.0871,0.0,SELLWOOD AVE|STULL ST,,,,637,Capreol,Sellwood Avenue,Stull Street,,,,,1778.0,1901.0,,,1.0,,2020-05-04 15:14:03+00:00,TEK05PLA,,,{F45AADC6-C537-449B-8A2C-6AEFF062CE82},POINT (505673.5120000001 5173496.818600001),-80.92576743988253,46.71500231571509
146498,FRANK ST and STULL ST,5705,Continuous,Stop sign,,NE,ACT,,FRANK ST,,1.0,1.0,STULL ST,,359.6085,0.0,FRANK ST|STULL ST,,,,637,Capreol,Stull Street,Stull Street,,,,,1901.0,1901.0,,,1.0,,2020-05-04 15:10:28+00:00,TEK05PLA,,,{007F88AA-41D9-49F4-9E66-71E9592ACF29},POINT (505090.48369999975 5173495.9417),-80.93339582012564,46.71499911849696
146570,GLENN ST and STULL ST,5788,Continuous,Stop sign,,NE,ACT,,GLENN ST,,1.0,1.0,STULL ST,,359.4913,0.0,GLENN ST|STULL ST,,,,637,Capreol,Stull Street,Stull Street,,,,,1901.0,1901.0,,,1.0,,2020-05-04 15:11:18+00:00,TEK05PLA,,,{F8E5D015-0A5B-46C3-949F-275C71931993},POINT (505288.5083999997 5173496.1821),-80.93080485275274,46.714999744560075
146407,RANDOLPH ST and STULL ST,5605,Continuous,Stop sign,,NE,ACT,,RANDOLPH ST,,1.0,1.0,STULL ST,,359.7663,0.0,RANDOLPH ST|STULL ST,,,,637,Capreol,Stull Street,Stull Street,,,,,1901.0,1901.0,,,1.0,,2020-05-04 15:09:15+00:00,TEK05PLA,,,{5F1595A4-53CC-4F43-902E-44954A3EE930},POINT (504892.55790000036 5173494.425899999),-80.93598550705973,46.71498695545613
146539,CLYDE ST and STULL ST,5761,Continuous,Stop sign,,NE,ACT,,STULL ST,,1.0,1.0,CLYDE ST,,359.62460000000004,0.0,STULL ST|CLYDE ST,,,,637,Capreol,Stull Street,Stull Street,,,,,1901.0,1901.0,,,1.0,,2020-05-04 15:11:01+00:00,TEK05PLA,,,{02EE7865-A7C8-4054-8F09-55AB5B313BAA},POINT (505189.2112999996 5173496.2447999995),-80.9321040600568,46.7150010870271
146628,,,Continuous,,,NE,REM,,,,1.0,1.0,,,326.2975,0.0,,,,,645,Capreol,Moose Mountain Mine Road,Sellwood Avenue,,,,,1376.0,1778.0,,,1.0,Lifecycle status changed as per new Rules (Feb 26 2020),2020-05-04 15:58:16+00:00,TEK05PLA,,,{FA8F2219-72F8-4394-B66F-EA1B3C14CF5C},POINT (505476.5127999997 5173805.667099999),-80.92834130760252,46.71778334963049
146656,ALBERT ST and STULL ST,5896,Continuous,Stop sign,,NE,ACT,,ALBERT ST,,1.0,1.0,STULL ST,,358.89430000000004,0.0,ALBERT ST|STULL ST,,,,637,Capreol,Stull Street,Stull Street,,,,,1901.0,1901.0,,,1.0,,2020-05-04 15:13:49+00:00,TEK05PLA,,,{E4CF82A8-640E-4EF5-B298-3A98FCE8E0E6},POINT (505579.3931 5173495.3188000005),-80.92699891420129,46.71498961091186
146569,GLENN ST and FOCH ST,5786,Continuous,Yield sign,,NE,ACT,,FOCH ST,,1.0,1.0,GLENN ST,,178.5671,0.0,FOCH ST|GLENN ST,,,,637,Capreol,Glenn Street,Foch Street,,,,,792.0,705.0,,,2.0,,2020-05-04 15:15:39+00:00,TEK05PLA,,,{9B66C7E5-9CF3-46C7-BA7B-056301F960AA},POINT (505286.5127999997 5173692.002800001),-80.93082871156349,46.71676199118904
146699,BALL PARK RD and SELLWOOD AVE,5955,Continuous,,,NE,REM,,SELLWOOD AVE,,1.0,1.0,BALL PARK RD,,225.86630000000002,0.0,SELLWOOD AVE|BALL PARK RD,,,,642,Capreol,Ball Park Road,Sellwood Avenue,,,,,2578.0,1778.0,,,2.0,,2020-05-04 15:59:15+00:00,TEK05PLA,,,{A297CB52-E13E-4EB4-9643-831B2BF0518D},POINT (505718.6303000003 5173403.8673),-80.92517826605987,46.714165443256036
146669,BALL PARK RD and PARK RD,5921,Continuous,,,NE,REM,,BALL PARK RD,,1.0,1.0,PARK RD,,,0.0,BALL PARK RD|PARK RD,,,,637,Capreol,Unnamed Private Road 153,Unnamed Private Road 153,,,,,2253.0,2253.0,,,1.0,,2020-05-04 12:33:40+00:00,GREATERSUDBURY1\tek0,,,{F78573A8-FD42-45D1-BAF3-65B211F473C1},POINT (505611.7973999996 5173137.870100001),-80.92657929749255,46.71177258401175
146652,,,Continuous,Stop sign,,NE,ACT,,,,1.0,1.0,,,262.7858,0.0,,,,,637,Capreol,Sellwood Avenue,Sellwood Avenue,,,,,1778.0,1778.0,,,1.0,,2020-05-04 15:14:40+00:00,TEK05PLA,,,{2A3F1EFE-8062-4C52-BE1D-5AA2ABB3146D},POINT (505555.26109999977 5173692.4537),-80.92731227629127,46.716763869365096
146894,,,Continuous,,,NE,REM,,,,1.0,1.0,,,,0.0,,,,,642,Capreol,Lincoln Crescent,,,,,,1181.0,,,,1.0,No longer required.  Road correction,2018-02-07 11:47:36+00:00,TEK05PLA,,,{CDF14300-855B-4743-A63D-37E0BB3E894C},POINT (506041.8969999999 5173261.856699999),-80.92095056124471,46.71288461672561
146657,ALBERT ST and SELLWOOD AVE,5890,Continuous,Stop sign,,NE,ACT,,ALBERT ST,,1.0,1.0,SELLWOOD AVE,,0.0,0.0,ALBERT ST|SELLWOOD AVE,,,,637,Capreol,Sellwood Avenue,Albert Street,,,,,1778.0,30.0,,,2.0,,2020-05-04 15:14:21+00:00,TEK05PLA,,,{321FDE12-4BCC-412F-A4E0-0C3FD62807A7},POINT (505581.1283999998 5173656.042400001),-80.92697425834297,46.716435981153595
146743,,,Dead end,,,SE,REM,,,,,,,,181.174,,,,,,944,,Redwood Drive,,,,,,1657.0,,,,1.0,,2020-06-15 11:40:25+00:00,TEK05PLA,,,{75E53F17-C9CE-417D-9742-5C476205C7C6},POINT (505855.2444000002 5148838.617900001),-80.92370182413235,46.4930921959801
146763,,,Dead end,,,SE,REM,,,,,,,,0.0,,,,,,944,,,,,,,,,,,,0.0,,2020-06-15 11:42:08+00:00,TEK05PLA,,,{D4471820-6EB7-4EF0-B81B-C419F212543B},POINT (505898.56259999983 5148884.659600001),-80.92313677262906,46.49350617293364
146374,,,Dead end,,,SE,REM,,,,,,,,299.88100000000003,,,,,,940,,Unnamed Private Road 96,,,,,,2450.0,,,,1.0,,2020-06-17 15:38:41+00:00,TEK05PLA,,,{5BEF2730-D3E6-4F0E-B299-E649D7698063},POINT (504831.3964999998 5147697.607999999),-80.93705515832204,46.48283172176614
146268,,,Dead end,,,SE,REM,,,,,,,,90.0514,,,,,,940,,Torbay Road,,,,,,1968.0,,,,0.0,,2020-06-17 12:40:09+00:00,TEK05PLA,,,{01E93CDF-E995-4160-BD84-C21BB5DF2C4E},POINT (504415.55840000045 5148189.2859000005),-80.94246815083463,46.4872594660065
144418,,,Continuous,,,SS,PRP,,,,,,,,33.9735,,,,,,1264,,Skaters Court,Greenvalley Drive,,,,,1816.0,825.0,,,2.0,,2020-01-20 12:21:16+00:00,TEK05PLA,,,{FD98B9C2-FD9B-4950-9104-38514402584F},POINT (499764.1886999998 5142216.643100001),-81.00306944632594,46.433522399231954
778844,,,Continuous,,,SS,REM,,,,,,,,0.0,,,,,,1264,,Skaters Court,,,,,,1816.0,,,,1.0,,2022-07-21 15:35:09+00:00,TEK05PLA,2022-07-21 15:35:08+00:00,TEK05PLA,{8AD5C4EB-9D74-4F38-B2F7-5B35B3811D7E},POINT (499827.96279999986 5142312.4417),-81.00223936375829,46.43438457315928
143863,,,Continuous,,,NE,REM,,,,,,,,,,,,,,,,Larocque Avenue,Larocque Avenue,,,,,1126.0,1126.0,,,1.0,,2020-09-02 11:06:06+00:00,TEK05PLA,,,{E9A5FFF8-AD02-41DD-AA51-38016FFACEF1},POINT (499195.34979999997 5165703.2402),-81.01051447995157,46.64488939749223
142585,,,Dead end,,,,REM,,,,,,,,,,,,,,,,Herman Mayer Drive,,,,,,892.0,,,,1.0,,,,,,{10E0606C-9E37-4031-B058-C9248EB0097D},POINT (488968.72300000023 5139454.0907000005),-81.14352353451737,46.40857029750365
145730,,,Continuous,,,,REM,,,,,,,,,,,,,,,,Inglewood Court,Unnamed Lane 184,,,,,955.0,2091.0,,,1.0,,,,,,{3345DD0E-2FDC-4775-BFBD-CEBA30F81EE5},POINT (502595.0926000001 5152620.399900001),-80.96616289299563,46.52714692881973
145079,,,Continuous,,,SS,PRP,,,,,,,,0.8509,,,,,,1266,,,,,,,,,,,,0.0,,2019-06-26 11:03:46+00:00,TEK05PLA,,,{AC622386-0159-4A70-A50E-62FB49314128},POINT (500755.0716000004 5142466.2805),-80.99017117933994,46.43576866909652
142647,,,Dead end,,,,REM,,,,,,,,,,,,,,,,Unnamed Private Road 254,,,,,,2361.0,,,,0.0,,,,,,{08437C6E-42EF-4CA8-835F-757B3DC6182D},POINT (489408.36110000033 5154437.552100001),-81.13814440367209,46.543421977568876
142648,,,Dead end,,,,REM,,,,,,,,,,,,,,,,"Fire Route ""S""",Unnamed Private Road 254,,,,,686.0,2361.0,,,0.0,,,,,,{CDECFE4A-3FDE-49BC-BDAA-F41FE31F4CE5},POINT (489410.0192999998 5154497.9626),-81.1381241550133,46.54396566547887
142703,WAHAMAA ST and LAURIER ST,1681,Continuous,,,,ACT,,WAHAMAA ST,,1.0,1.0,LAURIER ST,,,0.0,WAHAMAA ST|LAURIER ST,,,,,,Unnamed Private Road 251,Unnamed Private Road 253,,,,,2358.0,2360.0,,,2.0,,,,,,{CADAFFF7-081D-4FC9-B975-E9A3FA3BC89E},POINT (489902.3689000001 5154473.6052),-81.13170197157953,46.543754035595505
145716,ADMIRAL DR and RODERICK AVE,4820,Continuous,Yield sign,,SS,ACT,,ADMIRAL DR,,1.0,1.0,RODERICK AVE,,265.902,0.0,ADMIRAL DR|RODERICK AVE,,,,1256,,Roderick Avenue,Admiral Drive,,,,,1704.0,20.0,,,2.0,,2019-04-30 15:30:08+00:00,TEK05PLA,,,{157238DD-EB12-4E5A-9CBF-1998443B69F7},POINT (502525.51680000033 5147409.5013),-80.9670983867603,46.480251469198706
705713,,,Continuous,,,SS,,,,,,,,,0.0,,,,,,1240,,,,,,,,,,,,,,2019-02-27 15:39:13+00:00,TEK05PLA,2019-02-27 15:39:09+00:00,TEK05PLA,{F6CFF9A8-9B43-4801-AEFB-6727C46CC334},POINT (500317.7034999998 5145852.9681),-80.99586212338524,46.46624795631308
142621,,,Dead end,,,,REM,,,,,,,,,,,,,,,,Unnamed Private Road 255,,,,,,2362.0,,,,0.0,,,,,,{9DFCFC1F-DF64-4791-8740-10E4A552BF6A},POINT (489224.6480999999 5154315.8517),-81.1405376982222,46.54232382109211
145891,MERRYGALE DR and LAKE POINT CRT,5025,Continuous,Stop sign,,SS,ACT,,LAKE POINT CRT,,1.0,1.0,RAMSEY LAKE RD,,1.9634,0.0,LAKE POINT CRT|RAMSEY LAKE RD,,,,1256,,Ramsey Lake Road,Lake Point Court,Ramsey Lake Road,,,,1641.0,1091.0,1641.0,,2.0,,2019-04-29 11:41:50+00:00,TEK05PLA,,,{95DA820C-4639-412F-A0EE-ACE24F249E90},POINT (503225.1030000001 5147025.9224),-80.95798706400308,46.476796433354195
145861,RAMSEY LAKE RD and BEDFORD CRT,4979,Continuous,Stop sign,,SS,ACT,,RAMSEY LAKE RD,,1.0,1.0,BEDFORD CRT,,359.52230000000003,0.0,RAMSEY LAKE RD|BEDFORD CRT,,,,1256,,Ramsey Lake Road,Bedford Court,Ramsey Lake Road,,,,1641.0,150.0,1641.0,,2.0,,2019-04-29 11:42:14+00:00,TEK05PLA,,,{9AEB1170-20B8-40E0-8446-172462326CCD},POINT (503144.2648 5146995.885),-80.95904033373483,46.47652649107611
717961,,,Cul-de-sac,,,SS,,,,,,,,,7.7872,,,,,,1259,,,,,,,,,,,,,,2019-06-18 15:35:55+00:00,TEK05PLA,2019-06-18 15:32:46+00:00,TEK05PLA,{7CF4FF76-88B6-4D6F-8B2B-7EB8382FBF0F},POINT (500118.64389999956 5143930.5218),-80.99845523150996,46.44894673286122
142851,,,Dead end,,,,REM,,,,,,,,,,,,,,,,Highway 17 West,,,,,,4.0,,,,0.0,,,,,,{F632EC87-1DA6-48F5-84EA-6561D2A66CCB},POINT (491101.96300000045 5141417.9418),-81.11580627591583,46.42627576498085
142900,,,Dead end,,,,REM,,,,,,,,,,,,,,,,Highway 17,Highway 17 East,Highway 17 West,,,,2.0,3.0,4.0,,0.0,,,,,,{F19FC0F7-2676-43AE-9700-C25AD31BA3A8},POINT (491578.26290000044 5141182.3265),-81.10960308451598,46.42416141736923
142806,17 HWY and REGIONAL ROAD 55,1782,Dead end,,,SW,REM,,REGIONAL ROAD 55,,1.0,1.0,17 HWY,,,0.0,REGIONAL ROAD 55|17 HWY,,,,,,Highway 17 West,,,,,,4.0,,,,0.0,,2020-09-15 13:42:34+00:00,TEK05PLA,,,{935C2F86-26C9-4C2C-85A2-F9AFD6EFD993},POINT (490727.2845999999 5141565.464400001),-81.12068556392947,46.427598374985
147421,,,Continuous,,,SS,REM,,,,,,,,,,,,,,,,Highway 537,Highway 69 South,,,,,5.0,6.0,,,2.0,,2020-09-15 10:21:10+00:00,TEK05PLA,,,{1BFFE9B5-0EA8-4C96-9A8A-855FD13BFB0F},POINT (511056.0228000004 5136477.211200001),-80.85622488503505,46.381778896839265
147451,,,Dead end,,,SS,REM,,,,,,,,,,,,,,,,Highway 537,,,,,,5.0,,,,1.0,,2020-09-15 10:28:36+00:00,TEK05PLA,,,{324086B8-09A5-4C07-BB81-DB00AA1C1DDC},POINT (511333.08660000004 5136687.738500001),-80.8526167959252,46.38366899479379
147588,,,Continuous,,,SS,REM,,,,,,,,,,,,,,,,Highway 69 South,Highway 537,,,,,6.0,5.0,,,2.0,,2020-09-15 11:44:49+00:00,TEK05PLA,,,{0F37C947-6B6D-4FD2-980D-2AA10D529734},POINT (511878.42640000023 5136139.195499999),-80.84553877240188,46.37872290757378
142759,,,Dead end,,,SW,REM,,,,,,,,,,,,,,,,Highway 17 West,,,,,,4.0,,,,0.0,,2020-09-15 13:25:34+00:00,TEK05PLA,,,{E5951C17-D0FA-4A13-A72A-7767EDE02B1A},POINT (490265.45469999965 5141781.586300001),-81.12670083052363,46.429536894544725
147467,,,Continuous,,,SS,REM,,,,,,,,,,,,,,,,Highway 537,Highway 69 South,,,,,5.0,6.0,,,2.0,,2020-09-15 11:35:57+00:00,TEK05PLA,,,{ACEF8710-9366-40B7-9B63-B63D1593A1C4},POINT (511403.87349999975 5136640.2973),-80.851697393944,46.38324084774554
147424,,,Dead end,,,SS,REM,,,,,,,,,,,,,,,,Highway 69 South,Highway 69 South,,,,,6.0,6.0,,,1.0,,2020-09-15 12:39:47+00:00,TEK05PLA,,,{31934262-5DE0-4F4C-A074-42A23F1C0E04},POINT (511079.4994999999 5137187.969699999),-80.85590275994659,46.388175130982816
147539,,,Continuous,,,SS,REM,,,,,,,,,,,,,,,,Highway 537,Highway 69 South,,,,,5.0,6.0,,,2.0,,2020-09-15 12:19:36+00:00,TEK05PLA,,,{84D76FC9-A007-426A-BE16-5207517D522C},POINT (511658.2410000004 5136932.4772),-80.84838218308803,46.385866042945175
147428,,,Dead end,,,SS,REM,,,,,,,,,,,,,,,,Highway 69 South,,,,,,6.0,,,,1.0,,2020-09-15 10:24:04+00:00,TEK05PLA,,,{60A12C3B-6EC6-4276-A2FD-81A209C82560},POINT (511119.2457999997 5136741.849099999),-80.85539643297858,46.38415952462522
147419,,,Continuous,,,SS,REM,,,,,,,,,,,,,,,,Highway 69 South,,,,,,6.0,,,,1.0,,2020-09-15 11:47:26+00:00,TEK05PLA,,,{E6E17408-8F63-456F-876D-52B7C158AE0E},POINT (511040.9508999996 5137186.3618),-80.85640414988019,46.388161290985884
142858,,,Continuous,,,SW,REM,,,,,,,,,,,,,,,,Highway 17 West,,,,,,4.0,,,,3.0,,2020-09-15 13:36:36+00:00,TEK05PLA,,,{4C7AA763-854B-4AD3-B026-5940EDDDA11C},POINT (491173.6171000004 5141382.2513),-81.11487303850511,46.42595550337574
147474,,,Continuous,,,SS,REM,,,,,,,,,,,,,,,,Highway 537,,,,,,5.0,,,,3.0,,2020-09-15 10:26:32+00:00,TEK05PLA,,,{8D1A2FE1-9DE4-4149-9FFB-C1339CA25669},POINT (511427.88210000005 5136759.769099999),-80.85138225555356,46.384315653649836
142750,,,Dead end,,,SW,REM,,,,,,,,,,,,,,,,Highway 17 West,,,,,,4.0,,,,1.0,,2020-09-15 13:25:45+00:00,TEK05PLA,,,{6B6DC741-BF76-48EE-AF3F-EDF72169F994},POINT (490265.45469999965 5141781.586300001),-81.12670083052363,46.429536894544725
147547,,,Continuous,,,SS,REM,,,,,,,,,,,,,,,,Highway 537,,,,,,5.0,,,,2.0,,2020-09-15 12:13:38+00:00,TEK05PLA,,,{85003B3D-0486-41FE-9E3E-5830B8F81289},POINT (511699.26379999984 5136963.2906),-80.8478479046009,46.38614264579768
147433,,,Dead end,,,SS,REM,,,,,,,,,,,,,,,,Highway 537,,,,,,5.0,,,,1.0,,2020-09-15 10:27:18+00:00,TEK05PLA,,,{6E4498B2-EBC2-49EC-9D17-9D12FD9B6097},POINT (511167.8228000002 5136680.734200001),-80.85476615942021,46.38360870778746
147437,,,Continuous,,,SS,REM,,,,,,,,,,,,,,,,Highway 69 South,Highway 537,,,,,6.0,5.0,,,2.0,,2020-09-15 10:23:32+00:00,TEK05PLA,,,{847BEEE2-A40B-4C51-A363-303AF6A1FF09},POINT (511208.81259999983 5136593.308800001),-80.85423519643378,46.3828212263826
147440,,,Dead end,,,SS,REM,,,,,,,,,,,,,,,,Highway 537,,,,,,5.0,,,,1.0,,2020-09-15 10:23:27+00:00,TEK05PLA,,,{24933304-50C4-4AC6-8B43-DFE90994E22E},POINT (511224.6551000001 5136605.3467),-80.85402888486553,46.38292930119944
142812,,,Dead end,,,SW,REM,,,,,,,,,,,,,,,,Highway 17 West,,,,,,4.0,,,,1.0,,2020-09-15 14:52:56+00:00,TEK05PLA,,,{AD9A4AE1-80F5-4656-94BF-3385E8F56A34},POINT (490775.2566999998 5141773.6165),-81.12006531549747,46.42947232756322
142804,,,Continuous,,,SW,REM,,,,,,,,,,,,,,,,Highway 17 East,,,,,,3.0,,,,2.0,,2020-09-15 13:40:39+00:00,TEK05PLA,,,{08490EA4-ACCD-479E-9AC9-A99A9E1B8990},POINT (490695.35529999994 5141552.5375),-81.12110086922856,46.42748159815721
147406,,,Dead end,,,SS,REM,,,,,,,,,,,,,,,,Estaire Road,Highway 537,,,,,607.0,5.0,,,1.0,,2020-09-15 12:47:43+00:00,TEK05PLA,,,{C618977D-8411-4016-A735-99DF2175ECC3},POINT (510882.50459999964 5136345.3631),-80.8584844151834,46.38059511627311
147417,,,Dead end,,,SS,REM,,,,,,,,,,,,,,,,Highway 537,,,,,,5.0,,,,1.0,,2020-09-15 10:20:36+00:00,TEK05PLA,,,{6B8CB6FD-D5CA-46EE-85DE-9D8AD9BEA94D},POINT (511017.67569999956 5136448.073100001),-80.8567242441031,46.38151728817186
142841,,,Continuous,,,SW,REM,,,,,,,,,,,,,,,,Municipal Road 55,Highway 17 West,,,,,1407.0,4.0,,,2.0,,2020-09-15 14:48:05+00:00,TEK05PLA,,,{1B96B40F-34BF-4A89-A750-DB179E2FC45F},POINT (490977.46329999994 5141885.049699999),-81.11743564035427,46.430477919525764
147583,,,Dead end,,,SS,REM,,,,,,,,,,,,,,,,Highway 69 South,,,,,,6.0,,,,1.0,,2020-09-15 12:47:02+00:00,TEK05PLA,,,{A6B5088A-2E3F-4656-B0B9-E2BBABA04FE6},POINT (511843.0837000003 5136217.365700001),-80.84599637195655,46.379427036719726
142842,,,Dead end,,,SW,REM,,,,,,,,,,,,,,,,Highway 17 West,Municipal Road 55,,,,,4.0,1407.0,,,0.0,,2020-09-15 14:48:16+00:00,TEK05PLA,,,{7E262901-AC57-4466-B1DC-3061CE286FB9},POINT (490977.46329999994 5141885.049699999),-81.11743564035427,46.430477919525764
147519,,,Continuous,,,SS,REM,,,,,,,,,,,,,,,,Highway 537,Highway 69 South,,,,,5.0,6.0,,,2.0,,2020-09-15 12:22:29+00:00,TEK05PLA,,,{272B51D8-17A4-47B9-A5BF-27AF88751B61},POINT (511532.1331000002 5136838.212200001),-80.85002455974168,46.385019848477
147464,,,Dead end,,,,REM,,,,,,,,,,,,,,,,Nickel Street,,,,,,1436.0,,,,1.0,,,,,,{29AFA1C1-E862-4DAA-9583-810831683CD5},POINT (511392.6330000004 5147895.6928),-80.85156881669052,46.48453541168053
147204,O'NEIL DR and COVINGTON AVE,6469,Dead end,,,,REM,,O'NEIL DR,,1.0,1.0,COVINGTON AVE,,,0.0,O'NEIL DR|COVINGTON AVE,,,,,,O'Neil Drive West,,,,,,1506.0,,,,1.0,,,,,,{1EE3DA5F-3934-4CD7-B17C-43C56328F304},POINT (508798.95940000005 5155219.877800001),-80.88522222732045,46.55048833420139
147355,,,Continuous,,,,REM,,,,,,,,,,,,,,,,Meadowgreen Drive,,,,,,2764.0,,,,1.0,,,,,,{4CCD25D7-A824-4AF2-8AF8-27B2182318C4},POINT (510435.48929999955 5155135.8201),-80.86387650791131,46.549708450237226
147335,,,Continuous,,,,PRP,,,,,,,,,,,,,,,,,,,,,,,,,,1.0,,,,,,{E366F3DF-A21B-4F99-B140-23219CF8DB75},POINT (510290.4820999997 5155048.466399999),-80.86576995572675,46.548924550037974
146370,WESTMOUNT AVE and KINGSTON CRT,5570,Dead end,,,SE,REM,,KINGSTON CRT,,1.0,1.0,WESTMOUNT AVE,,0.0,0.0,KINGSTON CRT|WESTMOUNT AVE,,,,936,,Westmount Avenue,Westmount Avenue,,,,,2518.0,2518.0,,,1.0,,2020-09-22 12:34:32+00:00,TEK05PLA,,,{D89D1E87-61FB-4D33-A85D-6D9B0B05D14C},POINT (504828.5575000001 5150645.7081),-80.93706154309886,46.50936332990274
146424,MADISON AVE and MADISON AVE,5643,Dead end,,,,REM,,MADISON AVE,,1.0,1.0,MADISON AVE,,,0.0,MADISON AVE|MADISON AVE,,,,,,Madison Avenue,,,,,,1232.0,,,,0.0,,,,,,{1E1FE770-7020-426A-86F7-DC25B8656A70},POINT (504929.9523 5152826.568600001),-80.93571675826624,46.52898928811497
145686,,,Continuous,,,SS,REM,,,,,,,,184.2185,,,,,,1261,,Highway 17 West,,,,,,4.0,,,,2.0,,2020-09-14 15:25:01+00:00,TEK05PLA,,,{AD9CBDBD-FB45-40BB-A5D2-16DDBA7A8E04},POINT (502318.1177000003 5142550.1042),-80.96982448271201,46.43651949501731
145742,,,Continuous,,,SS,REM,,,,,,,,137.4623,,,,,,1267,,Highway 17 West,Turnarounds,,,,,4.0,1988.0,,,2.0,,2020-09-14 14:35:09+00:00,TEK05PLA,,,{6E8E4053-6696-414C-9740-32B0387EC76E},POINT (502652.2662000004 5142669.161599999),-80.96547411223631,46.43758973980719
145722,,,Continuous,,,SS,REM,,,,,,,,0.0,,,,,,1267,,Highway 17 East,,,,,,3.0,,,,2.0,,2020-09-14 15:25:10+00:00,TEK05PLA,,,{30B0ECCF-6F5E-4040-839C-76FE933C1C9F},POINT (502564.5488 5142368.1943),-80.96661762773853,46.43488147751001
145723,,,Continuous,,,SS,REM,,,,,,,,24.024800000000003,,,,,,1267,,Highway 17 East,,,,,,3.0,,,,1.0,,2020-09-14 15:30:41+00:00,TEK05PLA,,,{652B7443-9B09-4819-ACA0-896EF9E31051},POINT (502568.7405000003 5142327.7634),-80.96656328751888,46.43451759739768
145700,,,Continuous,,,SS,REM,,,,,,,,268.23900000000003,,,,,,1267,,Highway 69 South,Highway 17 West,,,,,6.0,4.0,,,2.0,,2020-09-14 15:31:08+00:00,TEK05PLA,,,{A93DCE1E-5485-4B65-AB07-0AB76918B005},POINT (502464.79849999957 5142472.8673),-80.96791551034696,46.43582386997924
145780,,,Continuous,,,SS,REM,,,,,,,,0.0,,,,,,1267,,Highway 17 West,,,,,,4.0,,,,1.0,,2020-09-14 14:35:04+00:00,TEK05PLA,,,{7C55C154-A98A-417B-BCB7-97DBFE9401D2},POINT (502778.32940000016 5142736.935900001),-80.96383268070733,46.43819917763697
145685,,,Continuous,,,SS,REM,,,,,,,,77.477,,,,,,1261,,Highway 69 South,Highway 69 South,,,,,6.0,6.0,,,1.0,,2020-09-14 15:24:55+00:00,TEK05PLA,,,{C2460171-D7EA-48CF-8D45-8CD90AD3BF44},POINT (502313.08779999986 5142467.6109),-80.96989036707352,46.43577710115386
147048,,,Continuous,,,SE,ACT,,,,,,,,0.0,,,,,,941,,Bancroft Drive,Unnamed Private Road 135,,,,,121.0,2234.0,,,1.0,,2020-07-02 08:25:32+00:00,TEK05PLA,,,{4BC96A7B-3B4B-4E55-992B-8C45D99DE613},POINT (506870.86110000033 5148081.5254999995),-80.91047877990388,46.48626910465824
147117,MOONLIGHT BEACH RD and MOONLIGHT AVE,6395,Continuous,,,SE,ACT,,BANCROFT DR,,1.0,1.0,MOONLIGHT AVE,,0.0,0.0,BANCROFT DR|MOONLIGHT AVE,1.0,,,941,Sudbury,Bancroft Drive,Moonlight Avenue,,,,,121.0,1372.0,,,1.0,,2020-07-02 11:10:13+00:00,TEK05PLA,,,{66DBC278-AD59-4919-8526-B52B828ABDF4},POINT (507512.40660000034 5147913.9986000005),-80.90212272756058,46.484754588158964
147122,,,Continuous,,,SE,REM,,,,,,,,0.0,,,,,,941,,Bancroft Drive,Moonlight Beach Road,,,,,121.0,1373.0,,,1.0,,2020-07-02 11:08:12+00:00,TEK05PLA,,,{387046B8-FC0D-44F0-97D8-29A26E93C12B},POINT (507516.8733000001 5147910.3248),-80.90206459145837,46.48472147574396
147081,BANCROFT DR and ESTELLE ST,6379,Continuous,,,SE,ACT,,ESTELLE ST,,1.0,1.0,BANCROFT DR,,8.0981,0.0,ESTELLE ST|BANCROFT DR,,,,941,,Bancroft Drive,Estelle Street,,,,,121.0,609.0,,,1.0,,2020-07-02 09:56:55+00:00,TEK05PLA,,,{01CFE874-BF26-43CE-BEEF-5856217F17D8},POINT (507198.3295 5147966.3653),-80.90621394418717,46.485229294135905
143124,,,Dead end,,,,REM,,,,,,,,,,,,,,,,Kenneth Drive,,,,,,1041.0,,,,0.0,,,,,,{EB70DD60-008E-428A-833A-D92FF92D9229},POINT (495021.3996000001 5166533.017999999),-81.0650650205656,46.652338815919045
147126,GAGNE ST and RIDGEMOUNT AVE,6418,Continuous,,,SE,ACT,,GAGNE ST,,1.0,1.0,RIDGEMOUNT AVE,,252.5259,0.0,GAGNE ST|RIDGEMOUNT AVE,,,,941,,Gagne Street,Ridgemount Avenue,,,,,745.0,1677.0,,,1.0,,2020-07-03 15:36:40+00:00,TEK05PLA,,,{00077A15-DE10-4BC6-BF5C-DA7F1A7D0D1E},POINT (507613.34080000035 5148069.6754),-80.90080513648905,46.48615447851229
142802,,,Dead end,,,SW,REM,,,,,,,,,,,,,,,,Highway 17 East,Municipal Road 55,,,,,3.0,1407.0,,,1.0,,2020-09-15 13:40:45+00:00,TEK05PLA,,,{A91BD439-BAB4-4DA4-8F4E-CC00B4421C79},POINT (490695.22759999987 5141552.593599999),-81.12110253237097,46.42748210127759
147114,MOONLIGHT AVE and GAGNE ST,6407,Continuous,,,SE,ACT,,MOONLIGHT AVE,,1.0,1.0,GAGNE ST,,90.13810000000001,0.0,MOONLIGHT AVE|GAGNE ST,,,,941,,Moonlight Avenue,Moonlight Avenue,,,,,1372.0,1372.0,,,1.0,,2020-07-03 15:38:24+00:00,TEK05PLA,,,{CE046126-3667-47A0-9B4D-6D06CD778FF6},POINT (507505.26779999956 5148066.9169),-80.90221327116036,46.486130865699195
145701,,,Continuous,,,SS,REM,,,,,,,,118.1175,,,,,,1267,,Highway 69 South,Highway 69 South,,,,,6.0,6.0,,,1.0,,2020-09-14 15:31:01+00:00,TEK05PLA,,,{2DFDF672-6747-47BB-A8F7-E108C396160F},POINT (502471.5190000003 5142456.5932),-80.96782811523791,46.435677384135204
145649,,,Continuous,,,SS,REM,,,,,,,,52.231700000000004,,,,,,1267,,Highway 17 East,,,,,,3.0,,,,1.0,,2020-09-14 14:47:26+00:00,TEK05PLA,,,{9CDA2249-27F1-40B8-B9CE-A7CAED35F7BA},POINT (502113.7745000003 5142148.588400001),-80.97248628748864,46.432906661814
142805,,,Dead end,,,SW,REM,,,,,,,,,,,,,,,,Municipal Road 55,Municipal Road 55,,,,,1407.0,1407.0,,,1.0,,2020-09-15 13:42:27+00:00,TEK05PLA,,,{C6F06C2C-F6C6-44DD-939C-71C98B2B5D59},POINT (490727.2845999999 5141565.464400001),-81.12068556392947,46.427598374985
145785,,,Continuous,,,SS,REM,,,,,,,,,,,,,,,,Highway 17 East,Highway 69 South,,,,,3.0,6.0,,,2.0,,2020-09-14 14:51:26+00:00,TEK05PLA,,,{D8929BF0-6FAA-43E9-9931-2FF18AF1E815},POINT (502804.82600000035 5142419.430400001),-80.96348966578087,46.43534162904063
145687,,,Continuous,,,SS,REM,,,,,,,,46.321400000000004,,,,,,1267,,Highway 17 West,,,,,,4.0,,,,1.0,,2020-09-14 14:35:15+00:00,TEK05PLA,,,{E4757F3B-FB2C-487D-AF5F-720A22FF7788},POINT (502381.24700000044 5142427.064200001),-80.969003340816,46.43541195784904
145713,,,Continuous,,,SS,REM,,,,,,,,0.0,,,,,,1267,,Highway 17 East,,,,,,3.0,,,,1.0,,2020-09-14 15:35:03+00:00,TEK05PLA,,,{998EFC00-48EF-4C4F-84B6-C551F7465F17},POINT (502512.7550999997 5142494.765000001),-80.96729113743712,46.436020764867486
145748,,,Continuous,,,SS,REM,,,,,,,,317.4623,,,,,,1267,,Highway 17 East,Turnarounds,,,,,3.0,1988.0,,,1.0,,2020-09-14 15:24:21+00:00,TEK05PLA,,,{6EAC75B3-8D15-4A52-B70E-4D7C41136E46},POINT (502679.85890000034 5142639.089199999),-80.96511509691337,46.4373189897054
142820,,,Continuous,,,SW,REM,,,,,,,,,,,,,,,,Municipal Road 55,Highway 17 West,,,,,1407.0,4.0,,,3.0,,2020-09-15 14:04:15+00:00,TEK05PLA,,,{75DBBE11-2F53-44B6-B9F4-704F384680D3},POINT (490863.59619999956 5141745.2356),-81.11891497339555,46.42921811079041
147528,,,Dead end,,,SS,REM,,,,,,,,,,,,,,,,Highway 69 South,,,,,,6.0,,,,1.0,,2020-09-15 12:22:07+00:00,TEK05PLA,,,{812B6EBF-967F-4855-9B62-AF14312EE9BE},POINT (511617.97360000014 5136669.642999999),-80.84891239286532,46.38350130583621
143096,,,Dead end,,,,REM,,,,,,,,,,,,,,,,Unnamed Lane 8,,,,,,2172.0,,,,0.0,,,,,,{2EA7BABB-B343-49D1-9DAB-E32E2BC0747D},POINT (494844.1266999999 5146883.614),-81.06716320287946,46.47550371265186
142332,,,Continuous,,,NW,REM,,,,,,,,,,,,,,,,Highway 144,,,,,,1.0,,,,1.0,,2020-09-03 12:39:30+00:00,TEK05PLA,,,{C55E73BF-D200-40A3-B4A9-84ED7AC02810},POINT (485854.2259999998 5157251.744000001),-81.18458584210232,46.568682695665174
147386,,,Continuous,,,SE,REM,,,,,,,,,,,,,,,,Church Street,Falconbridge Road,,,,,361.0,637.0,,,2.0,,2020-09-03 12:04:45+00:00,TEK05PLA,,,{A8D34ADD-9E51-4644-AF1A-C80D8236E551},POINT (510666.5834999997 5155720.774),-80.86084860457144,46.554969083675104
144099,,,Continuous,,,SS,REM,,,,,,,,320.6624,,,,,,1264,,Highway 17,,,,,,2.0,,,,1.0,,2020-09-16 13:05:58+00:00,TEK05PLA,,,{54799FDC-C7F4-41BF-8457-D5DACDC3718D},POINT (499382.1107999999 5141813.4833),-81.00804224341262,46.42989385580522
144185,,,Continuous,,,SS,REM,,,,,,,,,,,,,,,,Long Lake Road,Highway 17,,,,,1202.0,2.0,,,2.0,,2020-09-16 12:51:21+00:00,TEK05PLA,,,{7928EFEA-EDD0-4984-A8A0-4AA4FC4F375A},POINT (499469.6508999998 5142545.724300001),-81.00690368222746,46.436483849851726
142831,,,Continuous,,,SW,REM,,,,,,,,,,,,,,,,Municipal Road 55,Highway 17 West,,,,,1407.0,4.0,,,2.0,,2020-09-16 10:00:46+00:00,TEK05PLA,,,{7E5707EF-AC48-4964-9128-11B059E0478C},POINT (490863.0959000001 5141710.9968),-81.11892081490116,46.42890996692053
142378,,,Dead end,,,SW,REM,,,,,,,,,,,,,,,,Highway 17 West,Highway 17 West,,,,,4.0,4.0,,,1.0,,2020-09-16 14:54:59+00:00,TEK05PLA,,,{71782585-550A-4339-A279-60D21D7BE03C},POINT (486344.5703999996 5140602.669399999),-81.17769875446238,46.41885915705034
142788,,,Continuous,,,SW,REM,,,,,,,,,,,,,,,,Municipal Road 55,Highway 17 East,,,,,1407.0,3.0,,,2.0,,2020-09-16 10:03:11+00:00,TEK05PLA,,,{FEED2228-DBD2-4B98-977F-2E6D0EAFB0C2},POINT (490551.72580000013 5141448.915899999),-81.12296811997457,46.426547045502005
144115,,,Continuous,,,SS,REM,,,,,,,,16.3533,,,,,,1264,,Long Lake Road,Long Lake Road,,,,,1202.0,1202.0,,,1.0,,2020-09-16 12:51:25+00:00,TEK05PLA,,,{011280A3-9D75-4D9C-A06E-A4E46E9A15F6},POINT (499445.1239 5142461.3738),-81.00722285580457,46.435724704752545
145611,,,Continuous,,,SE,PRP,,,,,,,,0.0,,,,,,903,,,,,,,,,,,,2.0,,2020-05-21 14:36:40+00:00,TEK05PLA,,,{ECF8AD45-4DF1-4055-A484-D93D76247BA9},POINT (501839.49629999977 5148157.495999999),-80.97603268223415,46.48698532823369
145622,,,Continuous,,,SE,PRP,,,,,,,,260.0873,,,,,,903,,Wessex Street,,,,,,2513.0,,,,2.0,,2020-05-21 14:36:40+00:00,TEK05PLA,,,{0BBC0B59-26CC-46BD-A028-45C55A2AA340},POINT (501890.57550000027 5148350.9586),-80.97536637099081,46.488726267484
145567,,,Continuous,,,SE,PRP,,,,,,,,174.3965,,,,,,901,,,,,,,,,,,,0.0,,2020-05-21 14:36:37+00:00,TEK05PLA,,,{88D71BFC-9EC5-4556-AD50-11B489E1E18A},POINT (501661.50650000013 5148440.5207),-80.97835075100672,46.48953289176458
145886,,,Dead end,,,SE,REM,,,,,,,,38.0032,,,,,,924,,Downing Street,,,,,,528.0,,,,1.0,,2020-05-25 11:48:04+00:00,TEK05PLA,,,{F8134ED4-3C2B-4720-9B8A-780F3B455023},POINT (503254.4419 5148545.896500001),-80.95759424334975,46.4904754166697
145935,,,Continuous,,,SE,REM,,,,,,,,112.23580000000001,,,,,,924,,Bellevue Avenue,Unnamed Lane 187,,,,,160.0,2094.0,,,1.0,,2020-05-25 11:28:24+00:00,TEK05PLA,,,{DC84F0BF-19AF-4629-8D5F-B2BCC4426D2C},POINT (503364.9978 5148444.536),-80.95615442054185,46.489562672916314
145955,,,Dead end,,,SE,REM,,,,,,,,13.3961,,,,,,924,,Unnamed Lane 187,,,,,,2094.0,,,,1.0,,2020-05-25 11:30:32+00:00,TEK05PLA,,,{53FC29DD-13ED-49CF-B661-108CFE11B192},POINT (503422.69290000014 5148415.7849),-80.95540287095885,46.48930363479978
146891,,,Continuous,,,SE,REM,,,,,,,,,,,,,,,,Lasalle Boulevard,Falconbridge Road,,,,,1127.0,637.0,,,2.0,,2020-09-02 12:08:26+00:00,TEK05PLA,,,{81440102-A6EB-4BD3-98D8-A50DEEDC4D9E},POINT (506246.51410000026 5151998.6778),-80.9185608339617,46.52152774538858
146201,,,Continuous,,,NE,REM,,,,,,,,,,,,,,,,Cote Boulevard,Notre Dame Avenue,,,,,420.0,1466.0,,,2.0,,2020-09-02 11:44:31+00:00,TEK05PLA,,,{2B6898AF-FF1D-4EDE-B773-23E4725B725B},POINT (504228.0575000001 5166320.1285999995),-80.94474572421456,46.650428115510415
146180,,,Continuous,,,NE,REM,,,,,,,,,,,,,,,,Municipal Road 80,Notre Dame Avenue,,,,,1411.0,1466.0,,,1.0,,2020-09-02 10:09:05+00:00,TEK05PLA,,,{57D7D6B1-46C5-48C5-BA25-AD36C49F038C},POINT (504182.08609999996 5166611.5941),-80.94534385787445,46.65305139242839
145608,,,Continuous,,,SE,PRP,,,,,,,,266.3086,,,,,,903,,,,,,,,,,,,2.0,,2020-05-21 14:36:39+00:00,TEK05PLA,,,{4C748C49-E86A-4B9D-BD55-55EBCE150CDB},POINT (501832.4729000004 5148243.0537),-80.97612385519844,46.48775533014217
143900,,,Continuous,,,SS,REM,,,,,,,,,,,,,,,,Regent Street,Regent Street,,,,,1659.0,1659.0,,,1.0,,2020-09-01 11:54:57+00:00,TEK05PLA,,,{38747E17-D7BE-4859-8C29-61CADDC23862},POINT (499208.6255999999 5145301.067500001),-81.01030618739539,46.461280676039024
147585,,,Continuous,,,SE,REM,,,,,,,,,,,,,,,,Second Avenue,Highway 17 East,,,,,1770.0,3.0,,,2.0,,2020-09-01 14:19:33+00:00,GREATERSUDBURY1\tek0,,,{B7BB3A20-D9F4-49A5-B0E2-4619704B3555},POINT (511863.1964999996 5149066.3654),-80.84540816270231,46.495062802997005
143028,,,Continuous,,,SS,REM,,,,,,,,,,,,,,,,Power Street,,,,,,1614.0,,,,2.0,,2020-09-01 15:50:03+00:00,TEK05PLA,,,{9C7BEC6B-A128-43B4-9F7A-B2290094233E},POINT (494287.51269999985 5145844.0211),-81.07440120315118,46.46614331282295
145413,,,Continuous,,,SE,REM,,,,,,,,215.12140000000002,,,,,,901,,Annie Street,Howey Drive,,,,,64.0,935.0,,,2.0,,2020-05-21 14:03:03+00:00,GREATERSUDBURY1\tek0,,,{06E33371-55BD-43BD-A531-6E96EF6B15F1},POINT (501264.90979999956 5148096.635399999),-80.98351929734662,46.48643893243923
143164,,,Continuous,,,SS,REM,,,,,,,,0.0,,,,,,1241,,Balsam Street,Municipal Road 55,,,,,120.0,1408.0,,,2.0,,2020-09-01 10:40:02+00:00,TEK05PLA,,,{E4E8FC17-76B8-42A3-891C-F63F187F595A},POINT (495267.39829999954 5146052.2086),-81.06164099288654,46.46802450700961
145147,,,Continuous,,,SS,REM,,,,,,,,,,,,,,,,Paris Street,,,,,,1533.0,,,,1.0,,2020-09-01 12:46:16+00:00,TEK05PLA,,,{64493C8D-0B9A-402C-921F-6ACD2E6E2209},POINT (500846.60369999986 5148616.2722),-80.9889685257927,46.4911160963858
146187,,,Continuous,,,SE,REM,,,,,,,,,,,,,,,,Lasalle Boulevard,,,,,,1127.0,,,,1.0,,2020-09-01 14:01:13+00:00,GREATERSUDBURY1\tek0,,,{54D9B503-C29D-415C-A3B3-B5CE1B88D7A8},POINT (504192.96439999994 5152055.334899999),-80.94533353970789,46.522053559903476
143169,,,Continuous,,,SS,REM,,,,,,,,,,,,,,,,Benjafield Road,Veterans Road,,,,,165.0,2477.0,,,2.0,,2020-09-01 11:07:37+00:00,TEK05PLA,,,{07E82580-63B9-410B-A256-275162B115CA},POINT (495319.5809000004 5146464.1982),-81.06096546717187,46.47173261139049
143188,,,Continuous,,,SS,REM,,,,,,,,0.0,,,,,,1241,,Municipal Road 55,Municipal Road 55,,,,,1408.0,1408.0,,,1.0,,2020-09-01 10:48:10+00:00,TEK05PLA,,,{FFB8463B-7F9C-4903-B2F7-DE5AC843226D},POINT (495488.5708999997 5146137.734300001),-81.0587611030904,46.46879572024842
142191,144 HWY and CHARETTE AVE,1049,Continuous,,,NW,REM,,CHARETTE AVE,,1.0,1.0,144 HWY,,,0.0,CHARETTE AVE|144 HWY,,,,,,Highway 144,Highway 144,,,,,1.0,1.0,,,1.0,,2020-09-01 14:58:46+00:00,TEK05PLA,,,{69F25F01-BCEA-4DA5-B85F-3CDF86406135},POINT (484906.1434000004 5157273.354499999),-81.19695784537682,46.5688565466295
145068,,,Continuous,,,SS,REM,,,,,,,,,,,,,,,,Paris Street,Cedar Street,,,,,1533.0,317.0,,,2.0,,2020-09-01 12:41:16+00:00,TEK05PLA,,,{7AAD9F52-B261-400B-9DDA-F18DD540B2BC},POINT (500741.3914000001 5148738.1743),-80.99033927612807,46.49221328649473
143039,,,Dead end,,,SS,REM,,,,,,,,,,,,,,,,Marigold Place,,,,,,1270.0,,,,1.0,,2020-09-01 10:53:34+00:00,TEK05PLA,,,{0511830C-79D3-4EBE-B8E5-DCB71DE721C0},POINT (494450.17729999963 5146085.103800001),-81.07228548272283,46.46831431884006
143196,,,Dead end,,,SS,REM,,,,,,,,,,,,,,,,Unnamed Private Road 56,,,,,,2408.0,,,,1.0,,2020-09-01 11:08:37+00:00,TEK05PLA,,,{3A3D2095-1280-4C08-AD49-B08C34071BBB},POINT (495661.68010000046 5147486.864499999),-81.05651893537802,46.48093847397367
147364,,,Dead end,,,,REM,,,,,,,,,,,,,,,,Birch Street,Birch Street,,,,,186.0,186.0,,,1.0,,,,,,{DBD3E5A3-78B1-4FD6-92C0-446ADDAB5424},POINT (510541.8004999999 5156088.6274999995),-80.8624680985382,46.55828152713423
143146,,,Continuous,,,SS,REM,,,,,,,,,,,,,,,,Benjafield Road,,,,,,165.0,,,,2.0,,2020-09-01 11:04:32+00:00,TEK05PLA,,,{E2A7F4E3-2D79-4696-A01F-21DEE31F9F55},POINT (495158.98330000043 5146878.145300001),-81.06306165574537,46.47545683148092
141734,,,Continuous,,,SW,REM,,,,,,,,,,,,,,,,Highway 17 East,Municipal Road 55,,,,,3.0,1407.0,,,2.0,,2020-09-01 14:52:03+00:00,TEK05PLA,,,{AEB9F60F-7260-45FB-BA60-EE5FBEBC85B4},POINT (473546.49569999985 5135882.697799999),-81.34397137613371,46.37600149358892
147521,,,Dead end,,,SE,REM,,,,,,,,,,,,,,,,Highway 17 East,Second Avenue,,,,,3.0,1770.0,,,1.0,,2020-09-01 14:14:45+00:00,GREATERSUDBURY1\tek0,,,{5F759327-0EDD-4803-8A64-49EA13FBEB8F},POINT (511555.4096999997 5149077.8661),-80.84941869799272,46.495171654353015
142532,REGIONAL ROAD 35 and OFF RAMP,1457,Continuous,,,NW,REM,,OFF RAMP,,1.0,1.0,REGIONAL ROAD 35,,,0.0,OFF RAMP|REGIONAL ROAD 35,,,,,,Municipal Road 35,Notre Dame Avenue West,,,,,1405.0,1468.0,,,2.0,,2020-09-02 12:52:04+00:00,TEK05PLA,,,{81D2252C-837C-40CF-89AC-790AE40492E8},POINT (488654.68429999985 5156857.402899999),-81.14803361480841,46.565186981371156
147688,EDISON RD and MOTT ST,6960,Continuous,,,,REM,,EDISON RD,,1.0,1.0,MOTT ST,,,0.0,EDISON RD|MOTT ST,,,,,,Edison Road,Mott Street,,,,,565.0,1388.0,,,1.0,,,,,,{C1DDD366-8C14-4976-BD61-69B20191898F},POINT (513995.2428000001 5158180.893999999),-80.81735033439975,46.57704763408388
143051,,,Dead end,,,SS,REM,,,,,,,,,,,,,,,,Dalia Court,,,,,,457.0,,,,1.0,,2020-09-01 10:53:15+00:00,TEK05PLA,,,{F4DDBFE8-247A-4A15-8AEF-2CAF7A4C1AC4},POINT (494529.1238000002 5146030.404200001),-81.07125657662446,46.467822689700625
143177,,,Continuous,,,,REM,,,,,,,,,,,,,,,,Balsam Street,,,,,,120.0,,,,2.0,,,,,,{0789739E-7D7D-4AD2-A31A-8EC1F70F84E9},POINT (495370.0822999999 5146179.729800001),-81.06030482678764,46.469172859574506
664906,,,Continuous,Traffic signal,,SS,OPN,,,,1.0,1.0,,,,6.0,2016_200mm_495-5152_CSv6_z17_200mm_C.tif:0,,,,1201,Sudbury,Elm Street,McKim Mine Road,,,East-West,North-South,589.0,2870.0,,,,,2018-02-05 11:31:50+00:00,TEK05PLA,2018-02-05 11:31:50+00:00,TEK05PLA,{2212CEE2-A494-4E7D-838B-818EA6C249FA},POINT (495667.57830000017 5152098.2787),-81.05648505733072,46.522439149876696
664980,,,Continuous,,,NW,OPN,,,,1.0,1.0,,,,6.0,,,,,306,Onaping,Unnamed Private Road 5,,,,,,2867.0,,,,,,2018-02-05 13:27:52+00:00,TEK05PLA,2018-02-05 13:27:52+00:00,TEK05PLA,{8013FE9E-8542-43E2-B75E-DD26BA4E3229},POINT (468268.2642999999 5163214.5973000005),-81.41446661392308,46.621743003407076
147006,,,Continuous,,,,ACT,,,,,,,,,,,,,,,,,,,,,,,,,,2.0,,,,,,{DD3CA64E-9F98-40D9-9A8A-13D3F810B1D4},POINT (506642.2507999996 5149116.5068),-80.91344259069004,46.495585771249665
143230,,,Dead end,,,SS,REM,,,,,,,,,,,,,,,,Unnamed Private Road 56,,,,,,2408.0,,,,1.0,,2020-09-01 11:08:15+00:00,TEK05PLA,,,{6CD87B69-67E1-4126-9B3B-40B5406BBD9A},POINT (496288.31319999974 5147152.4487),-81.04835259706897,46.477932613803915
143033,,,Continuous,,,SS,REM,,,,,,,,,,,,,,,,Municipal Road 55,Power Street,,,,,1408.0,1614.0,,,1.0,,2020-09-01 15:55:00+00:00,TEK05PLA,,,{94EB4B0C-9017-46A8-8FD9-5B93D93B2DDA},POINT (494420.15550000034 5145792.277000001),-81.07267300398824,46.46567874733256
146173,,,Dead end,,,,REM,,,,,,,,,,,,,,,,Boivin Street,,,,,,205.0,,,,0.0,,,,,,{909E5567-3FB3-4DC2-9358-817B18501658},POINT (504178.4846999999 5170547.2323),-80.94535524092137,46.688469324621344
146383,,,Dead end,,,,REM,,,,,,,,,,,,,,,,Landreville Drive,,,,,,1111.0,,,,0.0,,,,,,{13303D6D-C98B-4EBE-8002-858CE5D724A9},POINT (504844.63719999976 5153513.6263),-80.93682203932043,46.5351730820349
737295,,,Continuous,Yield sign,,SE,ACT,,,,1.0,1.0,,,0.0,6.0,2016_200mm_514-5157_CSv6_z17_200mm_C.tif:0,,,,988,Falconbridge,Macdonnel Street,Hodge Street,,,,,1222.0,922.0,,,,,2021-07-30 11:12:10+00:00,TEK05PLA,2021-07-30 11:10:35+00:00,TEK05PLA,{03386A43-B211-46ED-A1B1-3FE0235256F8},POINT (514304.9475999996 5157946.1766),-80.81331569740688,46.574928797032165
147719,MACDONNEL ST and HODGE ST,6993,Continuous,,,,ACT,,MACDONNEL ST,,1.0,1.0,HODGE ST,,,0.0,MACDONNEL ST|HODGE ST,,,,,,Longyear Drive,Longyear Drive,Macdonnel Street,,,,1203.0,1203.0,1222.0,,1.0,,,,,,{BE7F22C7-A1B0-45E3-A4EE-0D957B213E2E},POINT (514301.4450000003 5157954.261399999),-80.81336115763469,46.57500162986325
146878,,,Continuous,,,SE,REM,,,,,,,,,,,,,,,,Lasalle Boulevard,,,,,,1127.0,,,,1.0,,2020-09-02 12:06:14+00:00,TEK05PLA,,,{38DFC9E2-A879-4AED-95D7-3CE842F977BD},POINT (506217.16559999995 5152057.950999999),-80.91894267245084,46.52206144694389
146343,,,Dead end,,,SE,REM,,,,,,,,0.7156,,,,,,938,,Birkdale Village Road,,,,,,189.0,,,,1.0,,2020-06-05 15:24:35+00:00,TEK05PLA,,,{03E4497B-EB87-4568-B1ED-8BC1BBD19881},POINT (504749.82639999967 5149130.0945),-80.9381032546745,46.495724057810314
146337,,,Dead end,,,SE,REM,,,,,,,,269.9774,,,,,,938,,Birkdale Village Road,,,,,,189.0,,,,1.0,,2020-06-05 15:27:41+00:00,TEK05PLA,,,{90548581-1F81-41F7-BC3C-9119D5ACB38F},POINT (504716.65419999976 5149201.3736000005),-80.93853481087531,46.49636577109131
142962,OFF RAMP and NOTRE DAME ST,1947,Continuous,,,NW,REM,,NOTRE DAME ST,,1.0,1.0,OFF RAMP,,,0.0,NOTRE DAME ST|OFF RAMP,,,,,,Notre Dame Avenue East,,,,,,1467.0,,,,2.0,,2020-09-02 14:24:23+00:00,TEK05PLA,,,{82A89805-C3DA-469E-A89E-BBD0577A6C35},POINT (492584.58249999955 5154769.7903),-81.0967230336615,46.546454472093025
143055,,,Continuous,,,SS,REM,,,,,,,,,,,,,,,,Rosebud Court,,,,,,1720.0,,,,1.0,,2020-09-01 10:53:04+00:00,TEK05PLA,,,{2EA4B414-D6A2-4EFB-9284-775E1FCCC313},POINT (494516.80759999994 5145980.634299999),-81.07141640564643,46.46737468055349
143195,,,Continuous,,,SS,REM,,,,,,,,,,,,,,,,Highway 17,Southview Drive,,,,,2.0,1835.0,,,2.0,,2020-09-01 11:41:57+00:00,TEK05PLA,,,{4E3CD25E-8CDB-4EB3-899A-520AE1D81779},POINT (495672.4342 5143224.4953000005),-81.05633925066392,46.44257888287502
142171,,,Continuous,,,NW,REM,,,,,,,,,,,,,,,,Errington Avenue,,,,,,606.0,,,,2.0,,2020-09-01 14:56:44+00:00,TEK05PLA,,,{CFEC652E-7137-4AB7-A7A1-04E92434B513},POINT (484834.9455000004 5157362.174799999),-81.19788979922627,46.56965427191377
145157,,,Continuous,,,SE,REM,,,,,,,,,,,,,,,,Paris Street,Larch Street,,,,,1533.0,1120.0,,,2.0,,2020-09-01 12:44:26+00:00,TEK05PLA,,,{2B2DB08B-FF1B-4D5C-83C8-0B8B580374DC},POINT (500867.1292000003 5148639.353499999),-80.98870102998937,46.491323791997495
146672,,,Dead end,,,SE,REM,,,,,,,,344.97270000000003,,,,,,940,,Unnamed Private Road 133,,,,,,2232.0,,,,1.0,,2020-06-18 12:22:00+00:00,TEK05PLA,,,{CBE8A7CA-FC43-4B70-A2C6-CD3461DA4FE5},POINT (505618.1612 5147526.0624),-80.92680703679771,46.481281784174584
147039,,,Dead end,,,SE,REM,,,,,,,,2.8478000000000003,,,,,,941,,Dube Road,Unnamed Private Road 131,,,,,536.0,2230.0,,,0.0,,2020-07-16 15:50:03+00:00,TEK05PLA,,,{850DE6C8-EAF5-4D7F-AB65-E0F4B96627BE},POINT (506827.0179000003 5147084.094900001),-80.91106464501408,46.47729310202219
147062,DUBE RD and MOONLIGHT BEACH RD,6356,Continuous,,,SE,ACT,,DUBE RD,,1.0,1.0,MOONLIGHT BEACH RD,,0.0,0.0,DUBE RD|MOONLIGHT BEACH RD,,,,941,,Dube Road,Moonlight Beach Road,,,,,536.0,1373.0,,,1.0,,2020-07-16 15:12:13+00:00,TEK05PLA,,,{96A83C33-5449-4087-883E-317D6D63F7A4},POINT (506963.9040999999 5147057.0736),-80.90928183902268,46.47704852126586
147154,,,Dead end,,,,REM,,,,,,,,,,,,,,,,Unnamed Private Road 145,,,,,,2244.0,,,,1.0,,,,,,{B98D62C2-CD8F-4661-B589-5F7B535D21AA},POINT (508085.67980000004 5153549.3181),-80.89455567695461,46.5354631383024
147150,,,Dead end,,,,REM,,,,,,,,,,,,,,,,Unnamed Private Road 145,,,,,,2244.0,,,,1.0,,,,,,{CF56C994-7274-4B04-80E1-59D8D5781CD2},POINT (508006.3360000001 5153448.331499999),-80.89559212939672,46.534555260157816
147144,,,Dead end,,,,REM,,,,,,,,,,,,,,,,Unnamed Private Road 146,,,,,,2245.0,,,,1.0,,,,,,{637FA2EC-CB76-4375-B509-A2C854A61E64},POINT (507924.4423000002 5154225.1075),-80.89664681245702,46.54154680925448
147187,,,Dead end,,,,REM,,,,,,,,,,,,,,,,Unnamed Private Road 146,,,,,,2245.0,,,,1.0,,,,,,{0EB92762-3557-4E8F-AAC7-D8ACCE46F9BC},POINT (508572.2167999996 5154223.5951000005),-80.88819836769773,46.5415252533297
147141,,,Continuous,,,,REM,,,,,,,,,,,,,,,,Unnamed Private Road 145,,,,,,2244.0,,,,2.0,,,,,,{A429C685-39E0-4511-8CF6-CBC2A98BA85B},POINT (507864.2039000001 5153642.5096),-80.89744233237175,46.536304439464324
143025,,,Continuous,,,SS,REM,,,,,,,,,,,,,,,,Power Street,,,,,,1614.0,,,,2.0,,2020-09-01 15:53:46+00:00,TEK05PLA,,,{E780178A-938B-401B-AB94-5BE954D4C881},POINT (494284.2165999999 5145661.1745),-81.07444188944014,46.464497738432925
145080,,,Continuous,,,SS,REM,,,,,,,,,,,,,,,,Paris Street,,,,,,1533.0,,,,1.0,,2020-09-01 12:42:40+00:00,TEK05PLA,,,{5B714CEE-602C-45DA-BB22-38B0CAA90CC2},POINT (500759.55929999985 5148767.0987),-80.99010249152013,46.49247357329659
145635,,,Continuous,,,SE,PRP,,,,,,,,0.0,,,,,,903,,,,,,,,,,,,2.0,,2020-05-21 14:36:41+00:00,TEK05PLA,,,{BB4F3639-A0F6-4C16-811B-15700A052DA0},POINT (502002.3113000002 5148245.6077),-80.97391094064,46.48777783171629
143200,,,Continuous,,,SS,REM,,,,,,,,,,,,,,,,Highway 17,Southview Drive,,,,,2.0,1835.0,,,3.0,,2020-09-01 11:34:55+00:00,TEK05PLA,,,{4352E75B-D440-4472-BCD3-9E8EEEC149EA},POINT (495721.87799999956 5143342.1238),-81.0556966361161,46.44363781224599
143187,,,Continuous,,,SS,REM,,,,,,,,,,,,,,,,Highway 17,,,,,,2.0,,,,2.0,,2020-09-01 11:38:05+00:00,TEK05PLA,,,{3759B156-3DE3-4C1C-AEF6-2E7BCB301CA7},POINT (495479.3869000003 5143259.7059),-81.0588528141005,46.44289449995686
146252,,,Continuous,,,SE,REM,,,,,,,,,,,,,,,,Lasalle Boulevard,Barry Downe Road,,,,,1127.0,128.0,,,2.0,,2020-09-01 14:03:44+00:00,GREATERSUDBURY1\tek0,,,{2C4F0682-6C56-40C0-A515-7650A54443A4},POINT (504336.1962000001 5152054.794),-80.94346613760989,46.522047784385755
146218,,,Continuous,,,SE,REM,,,,,,,,,,,,,,,,Barry Downe Road,Lasalle Boulevard,,,,,128.0,1127.0,,,2.0,,2020-09-01 14:04:52+00:00,GREATERSUDBURY1\tek0,,,{9029E94D-ACBA-4B37-A430-308AE421CDA5},POINT (504282.5926999999 5152086.974099999),-80.94416470492448,46.52233773292485
143162,,,Dead end,,,SS,REM,,,,,,,,,,,,,,,,Unnamed Private Road 56,,,,,,2408.0,,,,1.0,,2020-09-01 11:08:43+00:00,TEK05PLA,,,{1077A53F-558B-4B5F-85A7-FAF345E15495},POINT (495270.0828 5147026.8257),-81.06161592571945,46.47679568235501
147110,,,Dead end,,,,REM,,,,,,,,,,,,,,,,Unnamed Private Road 145,,,,,,2244.0,,,,1.0,,,,,,{5A5032AA-D04B-4242-A31A-9D91164B3A24},POINT (507458.90390000027 5153572.6099),-80.90272899506104,46.53567999486789
147071,,,Dead end,,,,REM,,,,,,,,,,,,,,,,Unnamed Private Road 144,,,,,,2243.0,,,,1.0,,,,,,{EB6A3D00-B642-4447-AA04-2F868B8387E0},POINT (507072.8043999998 5152999.0044),-80.90777282170647,46.530522008684244
147151,,,Dead end,,,,REM,,,,,,,,,,,,,,,,Unnamed Private Road 145,,,,,,2244.0,,,,1.0,,,,,,{2C62E74E-FA8D-447F-B7F2-F0587E0D28EB},POINT (508014.35560000036 5153635.915999999),-80.89548431002503,46.53624332815841
147140,,,Dead end,,,,REM,,,,,,,,,,,,,,,,Unnamed Private Road 146,,,,,,2245.0,,,,0.0,,,,,,{5039BB9C-A9BC-4DC4-B6EF-F0AA3382320E},POINT (507793.0482000001 5153962.0273),-80.89836491273849,46.53918076080649
145515,,,Continuous,,,,REM,,,,,,,,,,,,,,,,Unnamed Private Road 105,,,,,,2201.0,,,,2.0,,,,,,{D7A8EBE6-C72D-4DBF-B752-CDC8FE33AB8B},POINT (501506.3439999996 5152041.6986),-80.98036083357226,46.521942216453866
144903,,,Dead end,,,,REM,,,,,,,,,,,,,,,,Unnamed Private Road 104,,,,,,2200.0,,,,1.0,,,,,,{721B46D5-6167-4E01-A5CC-E7D841BF6C52},POINT (500505.4422000004 5151570.2739),-80.99341074074044,46.51770111536919
